timestamp,ip_address,port
Jan 19 00:45:22,183.56.205.82,35550
Jan 19 00:45:34,221.213.129.46,60514
Jan 19 00:45:44,118.41.246.179,39002
Jan 19 00:46:03,14.103.29.126,52976
Jan 19 00:46:35,103.113.105.228,59147
Jan 19 00:46:49,103.113.105.228,32809
Jan 19 00:47:21,103.117.57.146,59768
Jan 19 00:47:38,223.197.186.7,16549
Jan 19 00:47:46,39.109.127.149,36088
Jan 19 00:48:09,203.145.34.178,44786
Jan 19 00:48:37,182.93.7.194,35272
Jan 19 00:49:19,118.41.246.179,48910
Jan 19 00:49:37,223.197.186.7,24199
Jan 19 00:49:50,39.109.127.149,56628
Jan 19 00:49:58,203.145.34.178,41520
Jan 19 00:50:22,103.117.57.146,44048
Jan 19 00:52:59,182.93.7.194,58044
Jan 19 01:15:38,5.180.253.220,58224
Jan 19 01:30:17,43.134.70.136,59722
Jan 19 01:31:03,43.134.70.136,51336
Jan 19 01:31:13,43.134.70.136,55138
Jan 19 01:33:06,86.81.117.20,60384
Jan 19 02:04:58,221.149.176.199,34788
Jan 19 02:05:03,45.160.45.123,49328
Jan 19 02:05:49,58.144.198.71,51850
Jan 19 02:06:57,117.247.178.81,34135
Jan 19 02:07:10,180.101.233.75,7938
Jan 19 02:07:45,103.10.44.105,59276
Jan 19 02:08:51,58.144.198.71,52452
Jan 19 02:08:52,45.160.45.123,39446
Jan 19 02:08:52,221.149.176.199,42588
Jan 19 02:09:06,117.247.178.81,47433
Jan 19 02:09:08,103.10.44.105,46666
Jan 19 02:09:14,180.101.233.75,2793
Jan 19 02:45:10,85.193.94.89,41306
Jan 19 02:47:59,85.193.94.89,38716
Jan 19 02:48:30,5.180.253.220,54894
Jan 19 03:05:12,92.191.96.7,57234
Jan 19 03:05:59,143.64.168.136,54094
Jan 19 03:06:56,14.103.114.17,44440
Jan 19 03:06:57,14.103.75.9,55982
Jan 19 03:07:48,101.227.203.162,46056
Jan 19 03:08:13,68.178.175.174,40974
Jan 19 03:08:41,103.169.133.70,41662
Jan 19 03:09:08,157.10.252.69,58824
Jan 19 03:09:09,221.229.220.180,37215
Jan 19 03:09:15,45.238.232.3,60828
Jan 19 03:09:20,84.33.170.71,33158
Jan 19 03:09:26,92.191.96.7,40232
Jan 19 03:09:55,143.64.168.136,56874
Jan 19 03:10:07,68.178.175.174,56312
Jan 19 03:10:12,101.227.203.162,35018
Jan 19 03:10:20,103.169.133.70,50540
Jan 19 03:10:24,14.103.114.17,50044
Jan 19 03:10:31,221.229.220.180,43004
Jan 19 03:10:49,45.238.232.3,49854
Jan 19 03:10:54,157.10.252.69,33692
Jan 19 03:11:44,84.33.170.71,29656
Jan 19 03:19:11,46.101.25.23,53716
Jan 19 03:20:44,51.161.32.13,34012
Jan 19 03:21:23,149.56.128.35,43000
Jan 19 03:21:34,103.117.56.143,41686
Jan 19 03:21:38,165.227.152.106,51752
Jan 19 03:21:47,117.50.119.17,52144
Jan 19 03:21:59,46.101.25.23,58532
Jan 19 03:22:01,114.206.23.151,57710
Jan 19 03:22:02,162.240.103.112,47644
Jan 19 03:22:15,198.199.83.5,38688
Jan 19 03:22:55,45.55.68.205,56138
Jan 19 03:23:02,140.249.21.130,45636
Jan 19 03:23:15,59.3.76.218,39262
Jan 19 03:23:33,14.103.118.117,44990
Jan 19 03:23:35,125.91.34.106,37392
Jan 19 03:23:39,182.43.244.219,56460
Jan 19 03:24:04,180.184.82.249,35956
Jan 19 03:24:28,103.179.191.162,46968
Jan 19 03:24:42,103.139.193.182,33924
Jan 19 03:24:49,51.161.32.13,56106
Jan 19 03:24:55,149.56.128.35,59194
Jan 19 03:24:58,198.199.83.5,43402
Jan 19 03:25:02,45.55.68.205,54450
Jan 19 03:25:05,165.227.152.106,54392
Jan 19 03:25:09,114.206.23.151,59504
Jan 19 03:25:13,125.99.43.6,58348
Jan 19 03:25:13,117.50.119.17,55780
Jan 19 03:25:17,59.3.76.218,60776
Jan 19 03:25:36,162.240.103.112,49894
Jan 19 03:25:40,14.103.118.117,58672
Jan 19 03:25:45,103.117.56.143,59568
Jan 19 03:25:49,125.99.43.6,36838
Jan 19 03:26:05,125.91.34.106,37480
Jan 19 03:26:44,103.139.193.182,52974
Jan 19 03:27:27,103.179.191.162,47964
Jan 19 03:27:30,182.43.244.219,51008
Jan 19 03:29:35,218.92.0.164,56517
Jan 19 03:29:42,218.92.0.164,56517
Jan 19 03:30:17,180.184.82.249,40896
Jan 19 03:32:42,218.92.0.164,42505
Jan 19 03:32:46,218.92.0.164,42505
Jan 19 03:34:12,218.92.0.164,32597
Jan 19 03:50:25,2.57.122.194,34184
